"","word","n"
"1","ecology",229
"2","research",152
"3","position",132
"4","university",131
"5","summer",129
"6","field",120
"7","2018",119
"8","job",119
"9","technician",84
"10","phd",73
"11","assistant",71
"12","plant",66
"13","science",61
"14","opportunity",60
"15","conservation",55
"16","internship",51
"17","forest",50
"18","reu",50
"19","positions",47
"20","postdoc",45
"21","graduate",44
"22","project",43
"23","program",38
"24","assistantship",37
"25","amp",36
"26","professor",36
"27","biology",35
"28","lab",34
"29","marine",34
"30","seasonal",33
"31","technicians",33
"32","environmental",31
"33","postdoctoral",30
"34","biological",29
"35","ecological",29
"36","ms",29
"37","deadline",26
"38","call",25
"39","institute",25
"40","post",25
"41","student",25
"42","fellowship",24
"43","restoration",24
"44","climate",23
"45","insect",23
"46","modeling",23
"47","workshop",23
"48","2",22
"49","change",22
"50","data",22
"51","biodiversity",21
"52","announcement",20
"53","internships",20
"54","seeking",20
"55","wildlife",20
"56","associate",19
"57","studies",19
"58","applications",18
"59","opportunities",18
"60","tropical",18
"61","colorado",17
"62","conference",17
"63","crew",17
"64","ecosystem",17
"65","fisheries",17
"66","m.s",17
"67","manager",17
"68","monitoring",17
"69","aquatic",16
"70","esa",16
"71","jobs",16
"72","march",16
"73","ph.d",16
"74","bird",15
"75","community",15
"76","management",15
"77","species",15
"78","vegetation",15
"79","analysis",14
"80","coordinator",14
"81","remote",14
"82","school",14
"83","sensing",14
"84","short",14
"85","smithsonian",14
"86","spatial",14
"87","track",14
"88","assistantships",13
"89","california",13
"90","faculty",13
"91","fish",13
"92","grants",13
"93","interactions",13
"94","meeting",13
"95","national",13
"96","soil",13
"97","tenure",13
"98","training",13
"99","webinar",13
"100","amazon",12
"101","avian",12
"102","college",12
"103","courses",12
"104","director",12
"105","ecologist",12
"106","evolution",12
"107","fire",12
"108","forestry",12
"109","freshwater",12
"110","lakes",12
"111","mountain",12
"112","natural",12
"113","nevada",12
"114","posting",12
"115","session",12
"116","society",12
"117","special",12
"118","urban",12
"119","water",12
"120","canada",11
"121","disease",11
"122","doctoral",11
"123","genomics",11
"124","global",11
"125","lead",11
"126","northern",11
"127","pollinator",11
"128","symposium",11
"129","univ",11
"130","wetland",11
"131","3",10
"132","abstract",10
"133","biogeochemistry",10
"134","biologist",10
"135","lake",10
"136","leader",10
"137","station",10
"138","systems",10
"139","undergraduates",10
"140","volunteer",10
"141","center",9
"142","corps",9
"143","doc",9
"144","experience",9
"145","florida",9
"146","modelling",9
"147","native",9
"148","ny",9
"149","policy",9
"150","population",9
"151","proposals",9
"152","rocky",9
"153","series",9
"154","study",9
"155","survey",9
"156","visiting",9
"157","1",8
"158","accepting",8
"159","approaching",8
"160","arizona",8
"161","aslo",8
"162","assistants",8
"163","botany",8
"164","carbon",8
"165","career",8
"166","coastal",8
"167","diversity",8
"168","due",8
"169","ecologists",8
"170","environment",8
"171","evolutionary",8
"172","fall",8
"173","gis",8
"174","international",8
"175","oregon",8
"176","researcher",8
"177","sciences",8
"178","specialist",8
"179","undergraduate",8
"180","washington",8
"181","15",7
"182","9",7
"183","abstracts",7
"184","agriculture",7
"185","alaska",7
"186","american",7
"187","amphibian",7
"188","apply",7
"189","coral",7
"190","earth",7
"191","ecosystems",7
"192","feb",7
"193","fellowships",7
"194","fl",7
"195","funded",7
"196","garden",7
"197","grassland",7
"198","hiring",7
"199","insects",7
"200","intern",7
"201","introduction",7
"202","june",7
"203","land",7
"204","lecturer",7
"205","lter",7
"206","michigan",7
"207","missouri",7
"208","nsf",7
"209","paid",7
"210","quantitative",7
"211","reef",7
"212","registration",7
"213","resources",7
"214","scholarship",7
"215","scientists",7
"216","seed",7
"217","spring",7
"218","st",7
"219","sustainability",7
"220","sustainable",7
"221","teaching",7
"222","time",7
"223","usgs",7
"224","4",6
"225","8",6
"226","americorps",6
"227","annual",6
"228","applied",6
"229","april",6
"230","australia",6
"231","based",6
"232","bay",6
"233","behavior",6
"234","biologists",6
"235","cary",6
"236","deer",6
"237","dynamics",6
"238","eastern",6
"239","educators",6
"240","effects",6
"241","entomology",6
"242","event",6
"243","food",6
"244","forests",6
"245","germany",6
"246","ground",6
"247","habitat",6
"248","illinois",6
"249","invasive",6
"250","isotope",6
"251","join",6
"252","maine",6
"253","miami",6
"254","microbial",6
"255","mississippi",6
"256","multivariate",6
"257","network",6
"258","outreach",6
"259","park",6
"260","plants",6
"261","pollination",6
"262","public",6
"263","region",6
"264","responses",6
"265","river",6
"266","save",6
"267","scholarships",6
"268","scientist",6
"269","sesync",6
"270","south",6
"271","stable",6
"272","uc",6
"273","wisconsin",6
"274","10",5
"275","5",5
"276","aashe",5
"277","agroecology",5
"278","application",5
"279","august",5
"280","award",5
"281","behavioral",5
"282","botanical",5
"283","cfp",5
"284","dakota",5
"285","department",5
"286","development",5
"287","education",5
"288","extension",5
"289","final",5
"290","free",5
"291","funding",5
"292","georgia",5
"293","hydrology",5
"294","idaho",5
"295","interns",5
"296","issue",5
"297","jan",5
"298","july",5
"299","kansas",5
"300","master",5
"301","microbe",5
"302","msc",5
"303","multiple",5
"304","neon",5
"305","pacific",5
"306","peruvian",5
"307","publish",5
"308","purdue",5
"309","reminder",5
"310","resilience",5
"311","resource",5
"312","silviculture",5
"313","skills",5
"314","stanford",5
"315","submit",5
"316","term",5
"317","texas",5
"318","thursday",5
"319","wa",5
"320","winter",5
"321","11",4
"322","16",4
"323","30",4
"324","7",4
"325","academics",4
"326","agricultural",4
"327","alpine",4
"328","animal",4
"329","anthology",4
"330","bicoastal",4
"331","bio",4
"332","blm",4
"333","botanic",4
"334","bug",4
"335","butterfly",4
"336","canadian",4
"337","classes",4
"338","communication",4
"339","communications",4
"340","costa",4
"341","cote",4
"342","davis",4
"343","days",4
"344","docs",4
"345","ecophysiology",4
"346","energy",4
"347","ethnobiology",4
"348","executive",4
"349","extended",4
"350","genetics",4
"351","guangxi",4
"352","health",4
"353","human",4
"354","huyck",4
"355","instructor",4
"356","island",4
"357","laboratory",4
"358","mathematical",4
"359","md",4
"360","minnesota",4
"361","movement",4
"362","mt",4
"363","networks",4
"364","nitrogen",4
"365","north",4
"366","northwest",4
"367","nv",4
"368","ocean",4
"369","online",4
"370","openings",4
"371","peru",4
"372","physiology",4
"373","planning",4
"374","potential",4
"375","predatory",4
"376","programs",4
"377","pymatuning",4
"378","quebec",4
"379","raise",4
"380","reviewers",4
"381","rica",4
"382","scientific",4
"383","services",4
"384","shoals",4
"385","shorebird",4
"386","software",4
"387","statistical",4
"388","stream",4
"389","students",4
"390","suggestions",4
"391","summary",4
"392","temporary",4
"393","text",4
"394","threatened",4
"395","tree",4
"396","urgent",4
"397","utah",4
"398","uw",4
"399","vector",4
"400","virginia",4
"401","watershed",4
"402","west",4
"403","wild",4
"404","women",4
"405","wyoming",4
"406","zoo",4
"407","12",3
"408","18",3
"409","50",3
"410","6",3
"411","acadia",3
"412","adventure",3
"413","agent",3
"414","aim",3
"415","americas",3
"416","analytics",3
"417","bioacoustics",3
"418","blog",3
"419","boreal",3
"420","borne",3
"421","brook",3
"422","ca",3
"423","citizen",3
"424","city",3
"425","closes",3
"426","cluster",3
"427","collaboration",3
"428","correction",3
"429","count",3
"430","croc",3
"431","crop",3
"432","cuahsi's",3
"433","cyberseminar",3
"434","cycling",3
"435","dc",3
"436","delaware",3
"437","denver",3
"438","diego",3
"439","digital",3
"440","distribution",3
"441","district",3
"442","dnr",3
"443","edgewater",3
"444","edi",3
"445","editor",3
"446","eels",3
"447","ely",3
"448","employment",3
"449","excellence",3
"450","experiences",3
"451","experimental",3
"452","finding",3
"453","florida's",3
"454","functional",3
"455","funds",3
"456","fwd",3
"457","ga",3
"458","grad",3
"459","grant",3
"460","grazing",3
"461","hawaii",3
"462","herbivore",3
"463","herpetology",3
"464","highlands",3
"465","history",3
"466","honolulu",3
"467","humboldt",3
"468","impacts",3
"469","individual",3
"470","information",3
"471","integrated",3
"472","iowa",3
"473","kbs",3
"474","ks",3
"475","la",3
"476","lamprey",3
"477","lands",3
"478","landscape",3
"479","leadership",3
"480","left",3
"481","link",3
"482","locations",3
"483","louis",3
"484","m.sc",3
"485","madison",3
"486","marxan",3
"487","mexico",3
"488","microbiology",3
"489","models",3
"490","molecular",3
"491","monarch",3
"492","multi",3
"493","musicians",3
"494","nimbios",3
"495","nm",3
"496","nyc",3
"497","operations",3
"498","papers",3
"499","phasmids",3
"500","phenology",3
"501","prairie",3
"502","prof",3
"503","professional",3
"504","programme",3
"505","publication",3
"506","quality",3
"507","query",3
"508","rainforest",3
"509","rangeland",3
"510","recreational",3
"511","regional",3
"512","related",3
"513","rendezvous",3
"514","reptile",3
"515","rewilding",3
"516","richardson",3
"517","salt",3
"518","san",3
"519","scholar",3
"520","sea",3
"521","selection",3
"522","serc",3
"523","sierra",3
"524","socio",3
"525","source",3
"526","southern",3
"527","spain",3
"528","squirrel",3
"529","squirrels",3
"530","stories",3
"531","stormwater",3
"532","strike",3
"533","structure",3
"534","submission",3
"535","supervisor",3
"536","support",3
"537","sweden",3
"538","team",3
"539","tech",3
"540","technology",3
"541","traits",3
"542","trump",3
"543","turnitin",3
"544","ubc",3
"545","uk",3
"546","upcoming",3
"547","upland",3
"548","usa",3
"549","virus",3
"550","volunteers",3
"551","weather",3
"552","wetlands",3
"553","zealand",3
"554","1000",2
"555","11th",2
"556","14",2
"557","17th",2
"558","19",2
"559","2,000",2
"560","20",2
"561","20th",2
"562","26",2
"563","31",2
"564","aa19029",2
"565","abitibi",2
"566","academia",2
"567","academic",2
"568","academies",2
"569","access",2
"570","activities",2
"571","ad",2
"572","administration",2
"573","africa",2
"574","agroecosystems",2
"575","aibs",2
"576","amazonian",2
"577","amber",2
"578","america",2
"579","amphibians",2
"580","andes",2
"581","andrews",2
"582","announcing",2
"583","aob",2
"584","applicants",2
"585","apprenticeship",2
"586","aquaculture",2
"587","arboretum",2
"588","archipelago",2
"589","arctic",2
"590","association",2
"591","atlantic",2
"592","atmospheric",2
"593","auburn",2
"594","banders",2
"595","barcelona",2
"596","barrens",2
"597","bartlett",2
"598","bat",2
"599","bee",2
"600","bees",2
"601","beetle",2
"602","beetles",2
"603","benthic",2
"604","berlin",2
"605","bes",2
"606","beware",2
"607","bioinformatics",2
"608","biol",2
"609","biomass",2
"610","biomedical",2
"611","blue",2
"612","books",2
"613","breeding",2
"614","bridger",2
"615","bryan",2
"616","bugs",2
"617","canopy",2
"618","cash",2
"619","central",2
"620","centre",2
"621","chair",2
"622","challenges",2
"623","chicago",2
"624","china",2
"625","cites",2
"626","classroom",2
"627","clemson",2
"628","colombia",2
"629","committee",2
"630","communities",2
"631","conservancy",2
"632","consultant",2
"633","contract",2
"634","control",2
"635","core",2
"636","cornell",2
"637","corrected",2
"638","crops",2
"639","crowdsource",2
"640","csu",2
"641","cuny",2
"642","curriculum",2
"643","czo",2
"644","dame",2
"645","dataone",2
"646","davie",2
"647","de",2
"648","deadlines",2
"649","densovirus",2
"650","detection",2
"651","develop",2
"652","developing",2
"653","dilitata",2
"654","dios",2
"655","dispersal",2
"656","distributions",2
"657","division",2
"658","dna",2
"659","dr",2
"660","du",2
"661","duke",2
"662","ecohydrology",2
"663","economic",2
"664","eliminate",2
"665","en",2
"666","endangered",2
"667","endocrinology",2
"668","endowed",2
"669","engineer",2
"670","equation",2
"671","events",2
"672","exciting",2
"673","facility",2
"674","fair",2
"675","fe",2
"676","february",2
"677","fellow",2
"678","feral",2
"679","festival",2
"680","fieldwork",2
"681","fishes",2
"682","force",2
"683","forecasting",2
"684","frequency",2
"685","friday",2
"686","fringes",2
"687","future",2
"688","galveston",2
"689","genetic",2
"690","geochemistry",2
"691","geospatial",2
"692","government",2
"693","green",2
"694","gt",2
"695","gwaii",2
"696","haida",2
"697","hampshire",2
"698","harvard",2
"699","head",2
"700","heteropteryx",2
"701","hogs",2
"702","horticulture",2
"703","hubbard",2
"704","hydroinformatics",2
"705","id",2
"706","idea",2
"707","ii",2
"708","images",2
"709","infrastructure",2
"710","initiative",2
"711","inland",2
"712","institution",2
"713","interactive",2
"714","invasions",2
"715","invasives",2
"716","invertebrate",2
"717","investigating",2
"718","invites",2
"719","ismc",2
"720","isoecol",2
"721","jamaica",2
"722","january",2
"723","jefferson",2
"724","journal",2
"725","journals",2
"726","junior",2
"727","junk",2
"728","kentucky",2
"729","knowledge",2
"730","kretz",2
"731","lausanne",2
"732","lawrence",2
"733","leaders",2
"734","learn",2
"735","lectureship",2
"736","legendre",2
"737","life",2
"738","links",2
"739","lt",2
"740","lumcon",2
"741","lund",2
"742","ma",2
"743","macro",2
"744","madre",2
"745","mail",2
"746","male",2
"747","mammal",2
"748","mantises",2
"749","marsh",2
"750","mary",2
"751","maryland",2
"752","masters",2
"753","media",2
"754","mediterranean",2
"755","meetings",2
"756","memphis",2
"757","methods",2
"758","mi",2
"759","midwest",2
"760","model",2
"761","montana",2
"762","montana's",2
"763","monterey",2
"764","moquah",2
"765","naccb",2
"766","nc",2
"767","nebraska",2
"768","neighborhood",2
"769","nestwatch",2
"770","netherlands",2
"771","nexus",2
"772","nh",2
"773","niche",2
"774","nj",2
"775","nominations",2
"776","notice",2
"777","notre",2
"778","nova",2
"779","nursery",2
"780","oak",2
"781","observation",2
"782","oceans",2
"783","oceansonline",2
"784","offers",2
"785","office",2
"786","ohio",2
"787","ord",2
"788","oriented",2
"789","osm18",2
"790","osu",2
"791","p.m",2
"792","package",2
"793","paper",2
"794","parasite",2
"795","parasites",2
"796","parks",2
"797","participate",2
"798","pay",2
"799","pc",2
"800","period",2
"801","permanent",2
"802","permits",2
"803","phenocam",2
"804","photo",2
"805","phytologist",2
"806","phytoplankton",2
"807","plankton",2
"808","postdocs",2
"809","practice",2
"810","predators",2
"811","presentation",2
"812","prioritization",2
"813","progress",2
"814","proposes",2
"815","publishing",2
"816","puerto",2
"817","rapid",2
"818","rare",2
"819","recruiting",2
"820","recruitment",2
"821","regeneration",2
"822","regina",2
"823","relationships",2
"824","reno",2
"825","resident",2
"826","rfp",2
"827","rico",2
"828","riverwatch",2
"829","rural",2
"830","sampling",2
"831","santa",2
"832","scales",2
"833","schwartz",2
"834","scotia",2
"835","search",2
"836","section",2
"837","seeks",2
"838","sensory",2
"839","september",2
"840","ser",2
"841","service",2
"842","sevilleta",2
"843","sexual",2
"844","share",2
"845","silvopastoral",2
"846","simulation",2
"847","site",2
"848","sky",2
"849","slu",2
"850","social",2
"851","soils",2
"852","southwest",2
"853","southwestern",2
"854","springfield",2
"855","springs",2
"856","ss37",2
"857","stewardship",2
"858","structural",2
"859","subject",2
"860","submissions",2
"861","suny",2
"862","surveys",2
"863","switzerland",2
"864","sydney",2
"865","symbiosis",2
"866","synthesis",2
"867","system",2
"868","tahoe",2
"869","tamu",2
"870","taxa",2
"871","teachers",2
"872","techniques",2
"873","temiscamingue",2
"874","temperate",2
"875","terms",2
"876","terrestrial",2
"877","trust",2
"878","turtle",2
"879","tutorial",2
"880","u.s",2
"881","ucla",2
"882","uconn",2
"883","umeå",2
"884","unb",2
"885","undergrad",2
"886","unit",2
"887","universite",2
"888","update",2
"889","updated",2
"890","usfs",2
"891","valley",2
"892","viable",2
"893","video",2
"894","villanova",2
"895","virologist",2
"896","web",2
"897","weds",2
"898","week",2
"899","weeks",2
"900","william",2
"901","wood",2
"902","woody",2
"903","worker",2
"904","workshops",2
"905","xerces",2
"906","york",2
"907","zoos",2
"908","00",1
"909","09",1
"910","10e",1
"911","12th",1
"912","13",1
"913","13k",1
"914","180",1
"915","1935",1
"916","2017",1
"917","2019",1
"918","21",1
"919","21.1.2018",1
"920","21st",1
"921","22nd",1
"922","23",1
"923","23rd",1
"924","24",1
"925","26th",1
"926","2700",1
"927","29",1
"928","2k",1
"929","2nd",1
"930","300",1
"931","4.0",1
"932","4102",1
"933","41st",1
"934","500",1
"935","5th",1
"936","73",1
"937","8pm",1
"938","8th",1
"939","9th",1
"940","a.d",1
"941","aashe's",1
"942","abroad",1
"943","acoustic",1
"944","act",1
"945","ada",1
"946","adams",1
"947","adaptation",1
"948","adaptive",1
"949","add",1
"950","adm",1
"951","admin",1
"952","administrator",1
"953","advertisement",1
"954","advice",1
"955","advisor",1
"956","advisory",1
"957","aerial",1
"958","aeroecology",1
"959","affairs",1
"960","agro",1
"961","aide",1
"962","ain",1
"963","air",1
"964","airport",1
"965","aka",1
"966","al",1
"967","alaskan",1
"968","alghero",1
"969","algonquin",1
"970","allied",1
"971","alligator",1
"972","alternative",1
"973","alternatives",1
"974","amazo",1
"975","anadromous",1
"976","analyst",1
"977","analyze",1
"978","ancestral",1
"979","animove",1
"980","annoucement",1
"981","announcements",1
"982","announces",1
"983","ant",1
"984","apology",1
"985","apps",1
"986","archbold",1
"987","archive",1
"988","aridland",1
"989","arkansas",1
"990","arthropod",1
"991","artic",1
"992","asb",1
"993","ashland",1
"994","asia",1
"995","asian",1
"996","asm",1
"997","asombro",1
"998","assessment",1
"999","asst",1
"1000","athens",1
"1001","ations",1
"1002","atlas",1
"1003","atoll",1
"1004","attend",1
"1005","attitudes",1
"1006","aug",1
"1007","austria",1
"1008","authority",1
"1009","automated",1
"1010","autosampler",1
"1011","az",1
"1012","baccalaureate",1
"1013","bacterial",1
"1014","bad",1
"1015","badlands",1
"1016","banded",1
"1017","banding",1
"1018","bands",1
"1019","bangalore",1
"1020","barcodes",1
"1021","basics",1
"1022","basin",1
"1023","batch",1
"1024","bats",1
"1025","battelle",1
"1026","battle",1
"1027","bayesian",1
"1028","bayfield",1
"1029","bbs",1
"1030","bc",1
"1031","beach",1
"1032","bear",1
"1033","beautiful",1
"1034","begich",1
"1035","begins",1
"1036","behaviour",1
"1037","belgium",1
"1038","belowground",1
"1039","bemidji",1
"1040","benchmark",1
"1041","bergen",1
"1042","bg1.5",1
"1043","bight",1
"1044","bioenergetics",1
"1045","biofuel",1
"1046","biogeochemical",1
"1047","bioinf",1
"1048","biolo",1
"1049","biomarkers",1
"1050","biomes",1
"1051","bioquest",1
"1052","biosecurity",1
"1053","biotech",1
"1054","birds",1
"1055","birkbeck",1
"1056","bitlink",1
"1057","bloom",1
"1058","bobcat",1
"1059","boggs",1
"1060","boise",1
"1061","bonaire",1
"1062","book",1
"1063","borneo",1
"1064","boulder",1
"1065","bound",1
"1066","boyce",1
"1067","brazil",1
"1068","brazilian",1
"1069","brea",1
"1070","british",1
"1071","broad",1
"1072","brooklyn",1
"1073","bs",1
"1074","buck",1
"1075","building",1
"1076","bureau",1
"1077","burmese",1
"1078","bursaries",1
"1079","business",1
"1080","cairns",1
"1081","calling",1
"1082","camp",1
"1083","cancellations",1
"1084","canterbury",1
"1085","canyon",1
"1086","capacity",1
"1087","cape",1
"1088","captive",1
"1089","carbone",1
"1090","care",1
"1091","caribbean",1
"1092","cariveau",1
"1093","carnivore",1
"1094","carolina",1
"1095","caterpillar",1
"1096","caterpillars",1
"1097","catherine",1
"1098","cattle",1
"1099","cave",1
"1100","celebration",1
"1101","cell",1
"1102","centers",1
"1103","cerp",1
"1104","certificate",1
"1105","certification",1
"1106","certified",1
"1107","challenge",1
"1108","chance",1
"1109","chancellor’s",1
"1110","chapel",1
"1111","chapter",1
"1112","chemistry",1
"1113","chief",1
"1114","chihuahuan",1
"1115","chilean",1
"1116","cities",1
"1117","class",1
"1118","clonal",1
"1119","closer",1
"1120","cloud",1
"1121","club",1
"1122","cobleskill",1
"1123","cod",1
"1124","coffee",1
"1125","cognition",1
"1126","collaborators",1
"1127","collaring",1
"1128","colleagues",1
"1129","collection",1
"1130","collections",1
"1131","colloquium",1
"1132","collyer",1
"1133","columbia",1
"1134","commission",1
"1135","common",1
"1136","commonwealth",1
"1137","comparing",1
"1138","competition",1
"1139","composition",1
"1140","concern",1
"1141","concerned",1
"1142","concordia",1
"1143","configuration",1
"1144","conflict",1
"1145","conflicts",1
"1146","congress",1
"1147","congressional",1
"1148","conifer",1
"1149","connecticut",1
"1150","connections",1
"1151","connectivity",1
"1152","conservation's",1
"1153","contaminants",1
"1154","contest",1
"1155","contesting",1
"1156","contribute",1
"1157","contribution",1
"1158","controls",1
"1159","coordination",1
"1160","cork",1
"1161","corridor",1
"1162","cost",1
"1163","countries",1
"1164","couple",1
"1165","coupled",1
"1166","coweeta",1
"1167","creative",1
"1168","creek",1
"1169","crime",1
"1170","critical",1
"1171","crocodile",1
"1172","crusts",1
"1173","cruz",1
"1174","ct",1
"1175","cted",1
"1176","cuahsi",1
"1177","cultivated",1
"1178","curtors",1
"1179","cyanobacteria",1
"1180","cyanohab",1
"1181","cycle",1
"1182","cypress",1
"1183","czech",1
"1184","d.c",1
"1185","dam",1
"1186","damsl",1
"1187","damsl.org",1
"1188","daniel",1
"1189","dartmouth",1
"1190","darwin",1
"1191","database",1
"1192","dataset",1
"1193","dauphin",1
"1194","david",1
"1195","day",1
"1196","dealing",1
"1197","dean",1
"1198","december",1
"1199","decision",1
"1200","dedicated",1
"1201","defensive",1
"1202","degree",1
"1203","demography",1
"1204","dendrochronology",1
"1205","dendroecological",1
"1206","departm",1
"1207","depaul",1
"1208","desert",1
"1209","devices",1
"1210","dialogues",1
"1211","dietary",1
"1212","directors",1
"1213","disasters",1
"1214","disciplinary",1
"1215","diseases",1
"1216","dissertation",1
"1217","distance",1
"1218","districts",1
"1219","disturbance",1
"1220","divergence",1
"1221","diversifyingacademia",1
"1222","diving",1
"1223","dolphins",1
"1224","domain",1
"1225","domestic",1
"1226","dorena",1
"1227","dresden",1
"1228","drones",1
"1229","drought",1
"1230","drylands",1
"1231","dual",1
"1232","dublin",1
"1233","duffy",1
"1234","dune",1
"1235","dunes",1
"1236","dyna",1
"1237","east",1
"1238","ec",1
"1239","eccwo",1
"1240","echinacea",1
"1241","eco",1
"1242","ecohealth",1
"1243","ecohydrologist",1
"1244","ecoimmunology",1
"1245","ecoinformatics",1
"1246","ecologically",1
"1247","ecologyplus",1
"1248","ecuador",1
"1249","edible",1
"1250","educational",1
"1251","ees",1
"1252","effect",1
"1253","egu",1
"1254","egu2018",1
"1255","eilat",1
"1256","elect",1
"1257","electrofishing.net",1
"1258","elith",1
"1259","email",1
"1260","emerging",1
"1261","emissions",1
"1262","empiricists",1
"1263","engine",1
"1264","england",1
"1265","enhance",1
"1266","ent",1
"1267","env",1
"1268","environmentally",1
"1269","envrionment",1
"1270","eol",1
"1271","epa",1
"1272","epa's",1
"1273","epidemiology",1
"1274","episode",1
"1275","era",1
"1276","eries",1
"1277","ern",1
"1278","esa's",1
"1279","estuarine",1
"1280","ethiopian",1
"1281","eugene",1
"1282","eukaryotic",1
"1283","europe",1
"1284","eutrophication",1
"1285","evaluate",1
"1286","everglades",1
"1287","evolution_of_insect_parasitoids",1
"1288","examining",1
"1289","exlicit",1
"1290","expedition",1
"1291","expert",1
"1292","experts",1
"1293","expires",1
"1294","extend",1
"1295","extraction",1
"1296","extreme",1
"1297","extremes",1
"1298","fairbanks",1
"1299","fairfax",1
"1300","fairs",1
"1301","fantastic",1
"1302","farm",1
"1303","federal",1
"1304","feeding",1
"1305","females",1
"1306","figures",1
"1307","finance",1
"1308","fisher",1
"1309","fiu",1
"1310","flagstaff",1
"1311","flashier",1
"1312","flathead",1
"1313","floral",1
"1314","flow",1
"1315","fluxes",1
"1316","fly",1
"1317","flying",1
"1318","focus",1
"1319","forensic",1
"1320","forested",1
"1321","forester",1
"1322","forestgeo",1
"1323","forestsnail",1
"1324","forum",1
"1325","foundation",1
"1326","foundation’s",1
"1327","framework",1
"1328","france",1
"1329","francis",1
"1330","fri",1
"1331","frogs",1
"1332","frontiers",1
"1333","frozen",1
"1334","fruit",1
"1335","fsu",1
"1336","fw",1
"1337","fwc",1
"1338","gainesville",1
"1339","gandersheim",1
"1340","gardens",1
"1341","gas",1
"1342","gavin",1
"1343","gc",1
"1344","gca",1
"1345","gef",1
"1346","gelada",1
"1347","gen",1
"1348","gene",1
"1349","genetics_binghamton",1
"1350","genitalia",1
"1351","geoaquawatch",1
"1352","geobiology",1
"1353","geodiversity",1
"1354","geographic",1
"1355","geography",1
"1356","geology",1
"1357","geometric",1
"1358","geos",1
"1359","ghana",1
"1360","ghent",1
"1361","gical",1
"1362","gila",1
"1363","gills",1
"1364","giss",1
"1365","glasgow",1
"1366","globalization",1
"1367","globally",1
"1368","glue",1
"1369","gmu",1
"1370","goal",1
"1371","goats",1
"1372","goldschmidt",1
"1373","google",1
"1374","gordon",1
"1375","governance",1
"1376","gra",1
"1377","grande",1
"1378","gras",1
"1379","grasshopper",1
"1380","grasslands",1
"1381","greenhouse",1
"1382","grey",1
"1383","groningen",1
"1384","groundwater",1
"1385","grouse",1
"1386","grove",1
"1387","guest",1
"1388","guide",1
"1389","gulf",1
"1390","gut",1
"1391","gwp",1
"1392","haf",1
"1393","haiti",1
"1394","handling",1
"1395","hange",1
"1396","harassment",1
"1397","hardwater",1
"1398","hartford",1
"1399","hawai‘i",1
"1400","headwater",1
"1401","helsinki",1
"1402","herbarium",1
"1403","herbivores",1
"1404","here’s",1
"1405","heritage",1
"1406","heterogeneity",1
"1407","hierarchical",1
"1408","highstead",1
"1409","hill",1
"1410","historical",1
"1411","hofstra",1
"1412","holden",1
"1413","hole",1
"1414","hopkins",1
"1415","horned",1
"1416","horse",1
"1417","hot",1
"1418","hotspots",1
"1419","hour",1
"1420","houston",1
"1421","huge",1
"1422","hundreds",1
"1423","hydro",1
"1424","hydrological",1
"1425","hydrologist",1
"1426","i.d",1
"1427","iceland",1
"1428","identification",1
"1429","identifying",1
"1430","idiv",1
"1431","iea",1
"1432","iemss",1
"1433","iiasa",1
"1434","imagery",1
"1435","imcc",1
"1436","impact",1
"1437","increased",1
"1438","india",1
"1439","indian",1
"1440","indiana",1
"1441","indicators",1
"1442","indigenous",1
"1443","industrial",1
"1444","innovation",1
"1445","innovative",1
"1446","input",1
"1447","inqua",1
"1448","inquiry",1
"1449","inserted",1
"1450","instructional",1
"1451","instructors",1
"1452","integrative",1
"1453","intense",1
"1454","intensive",1
"1455","interdisciplinary",1
"1456","interfaces",1
"1457","interships",1
"1458","interviews",1
"1459","intro",1
"1460","introductory",1
"1461","invasion",1
"1462","inverts",1
"1463","investigative",1
"1464","invitation",1
"1465","invited",1
"1466","ion",1
"1467","ipc",1
"1468","isae01",1
"1469","isco",1
"1470","islands",1
"1471","isle",1
"1472","israel",1
"1473","issues",1
"1474","italy",1
"1475","iufro",1
"1476","jane",1
"1477","jena",1
"1478","jfk",1
"1479","jiao",1
"1480","john",1
"1481","johnson",1
"1482","johnston",1
"1483","jrs",1
"1484","jun",1
"1485","justice",1
"1486","kalamazoo",1
"1487","kaliontzopoulou",1
"1488","kangaroo",1
"1489","kearneysville",1
"1490","kellogg",1
"1491","kelp",1
"1492","kendall",1
"1493","keweenaw",1
"1494","kids",1
"1495","kinematics",1
"1496","kings",1
"1497","konstanz",1
"1498","lagoon",1
"1499","lakeshore",1
"1500","lakeside",1
"1501","late",1
"1502","latino",1
"1503","laukahi",1
"1504","launch",1
"1505","launches",1
"1506","leads",1
"1507","learning",1
"1508","lele",1
"1509","lepidoptera",1
"1510","level",1
"1511","limnology",1
"1512","lincoln",1
"1513","linking",1
"1514","listing",1
"1515","live",1
"1516","lizards",1
"1517","loc",1
"1518","local",1
"1519","logy",1
"1520","london",1
"1521","longleaf",1
"1522","longmont",1
"1523","loss",1
"1524","louisville",1
"1525","low",1
"1526","lower",1
"1527","lsamp",1
"1528","lsu",1
"1529","ltrr",1
"1530","macrofossil",1
"1531","macrosystem",1
"1532","maintenance",1
"1533","makah",1
"1534","mammals",1
"1535","managing",1
"1536","mangrove",1
"1537","mankato",1
"1538","manoa",1
"1539","manuscripts",1
"1540","mapper",1
"1541","mapping",1
"1542","marbled",1
"1543","mariana",1
"1544","marinegeo",1
"1545","mark",1
"1546","mason",1
"1547","master's",1
"1548","master’s",1
"1549","math",1
"1550","matrix",1
"1551","measures",1
"1552","mediated",1
"1553","meec",1
"1554","membership",1
"1555","memorial",1
"1556","mentors",1
"1557","mentorship",1
"1558","metabarcoding",1
"1559","metabolic",1
"1560","metabolism",1
"1561","metabolomics",1
"1562","metagenomics",1
"1563","methane",1
"1564","metoo",1
"1565","mgmt",1
"1566","mgt",1
"1567","michiganstateuniveristy_adaptation",1
"1568","microbes",1
"1569","microbiomeseq",1
"1570","microplastics",1
"1571","microwave",1
"1572","mics",1
"1573","minute",1
"1574","miss",1
"1575","mn",1
"1576","mngmnt",1
"1577","mo",1
"1578","modeler",1
"1579","modelers",1
"1580","monday",1
"1581","monkey",1
"1582","month",1
"1583","months",1
"1584","montpellier",1
"1585","moors",1
"1586","morphology",1
"1587","morphometrics",1
"1588","mortality",1
"1589","morton",1
"1590","mount",1
"1591","mountains",1
"1592","move01",1
"1593","mres",1
"1594","mrxn01",1
"1595","mule",1
"1596","munster",1
"1597","murrelet",1
"1598","mussel",1
"1599","mutualism",1
"1600","naa",1
"1601","named",1
"1602","nantucket",1
"1603","nasa",1
"1604","nature",1
"1605","nau",1
"1606","neotropical",1
"1607","nest",1
"1608","networking",1
"1609","newly",1
"1610","news",1
"1611","nextprof",1
"1612","nights",1
"1613","nile",1
"1614","nimble",1
"1615","nmsu",1
"1616","nocturnal",1
"1617","nola",1
"1618","nonprofit",1
"1619","northeast",1
"1620","northland",1
"1621","np",1
"1622","nps",1
"1623","ntwa02",1
"1624","nutrient",1
"1625","nutrients",1
"1626","nutrition",1
"1627","nynhp",1
"1628","o’riordan",1
"1629","observer",1
"1630","occupancy",1
"1631","occurence",1
"1632","oceanography",1
"1633","ocesses",1
"1634","october",1
"1635","officer",1
"1636","ological",1
"1637","olomouc",1
"1638","opp",1
"1639","ops",1
"1640","orangutan",1
"1641","ordinator",1
"1642","organic",1
"1643","orleans",1
"1644","ormatics",1
"1645","ornithology",1
"1646","osa",1
"1647","outdoor",1
"1648","outstanding",1
"1649","overlap",1
"1650","overwintering",1
"1651","oxford",1
"1652","paclim2019",1
"1653","paleoecology",1
"1654","paleontology",1
"1655","palm",1
"1656","panama",1
"1657","parasitology",1
"1658","parflow",1
"1659","parrot",1
"1660","participatory",1
"1661","partnership",1
"1662","partnerships",1
"1663","passed",1
"1664","passion",1
"1665","patagonia",1
"1666","path",1
"1667","pathogen",1
"1668","pathogens",1
"1669","patterns",1
"1670","pecos",1
"1671","peer",1
"1672","peninsula",1
"1673","penn",1
"1674","pennsylvania",1
"1675","people",1
"1676","permit",1
"1677","perspectives",1
"1678","pesticide",1
"1679","pesticides",1
"1680","pharmaceuticals",1
"1681","phenotypic",1
"1682","phenotyping",1
"1683","philippine",1
"1684","phylogenies",1
"1685","physfest",1
"1686","physical",1
"1687","phytobiomes",1
"1688","pical",1
"1689","pictures",1
"1690","piere",1
"1691","pierre",1
"1692","pine",1
"1693","pire",1
"1694","pits",1
"1695","pittsburgh",1
"1696","plagiarism",1
"1697","plains",1
"1698","plasticity",1
"1699","platform",1
"1700","podcast",1
"1701","pollinators",1
"1702","polygons",1
"1703","polyploidy",1
"1704","ponds",1
"1705","pop",1
"1706","populations",1
"1707","portland",1
"1708","postdoc:microbial",1
"1709","postdoc:u.pittsburgh_experimental.evolutionary.ecology",1
"1710","postdoctal",1
"1711","postings",1
"1712","postion",1
"1713","postition",1
"1714","pr",1
"1715","practices",1
"1716","practitioner",1
"1717","practitioners",1
"1718","predation",1
"1719","predator",1
"1720","prescribed",1
"1721","presentations",1
"1722","prey",1
"1723","primate",1
"1724","prizes",1
"1725","processing",1
"1726","productivity",1
"1727","professor_ecological",1
"1728","projects",1
"1729","proposal",1
"1730","proposed",1
"1731","protecting",1
"1732","pruitt",1
"1733","puritan",1
"1734","pwcc",1
"1735","python",1
"1736","qubes",1
"1737","queensland",1
"1738","question",1
"1739","quinn",1
"1740","radar",1
"1741","rainforests",1
"1742","range",1
"1743","ranger",1
"1744","rank",1
"1745","raptor",1
"1746","rat",1
"1747","rates",1
"1748","rattlesnake",1
"1749","rea",1
"1750","reacch",1
"1751","ready",1
"1752","real",1
"1753","rearing",1
"1754","recovery",1
"1755","recreation",1
"1756","red",1
"1757","reefs",1
"1758","reformatted",1
"1759","register",1
"1760","reintroduction",1
"1761","released",1
"1762","relyea",1
"1763","renewal",1
"1764","report",1
"1765","reposted",1
"1766","republic",1
"1767","request",1
"1768","requesting",1
"1769","researc",1
"1770","researchers",1
"1771","reserves",1
"1772","residence",1
"1773","ret",1
"1774","review",1
"1775","revised",1
"1776","revisions",1
"1777","rhino",1
"1778","rhizosphere",1
"1779","rhode",1
"1780","rhodora",1
"1781","ri",1
"1782","rice",1
"1783","richmond",1
"1784","rights",1
"1785","rio",1
"1786","riparian",1
"1787","risk",1
"1788","riverside",1
"1789","road",1
"1790","robert",1
"1791","rockies",1
"1792","role",1
"1793","root",1
"1794","rosemond",1
"1795","rowan",1
"1796","royale",1
"1797","rse",1
"1798","rtp",1
"1799","ruffed",1
"1800","rutgers",1
"1801","s.j",1
"1802","sagebrush",1
"1803","saharan",1
"1804","saint",1
"1805","salazar",1
"1806","sam",1
"1807","sampler",1
"1808","sardinia",1
"1809","satellite",1
"1810","savannah",1
"1811","savannas",1
"1812","scale",1
"1813","scaling",1
"1814","scavengers",1
"1815","scb",1
"1816","scgis",1
"1817","schmidt",1
"1818","scholars",1
"1819","schoodic",1
"1820","scolarship",1
"1821","scotland",1
"1822","scottish",1
"1823","seas",1
"1824","seashore",1
"1825","season",1
"1826","seasonality",1
"1827","seattle",1
"1828","seaweeds",1
"1829","seec",1
"1830","sefs",1
"1831","semantic",1
"1832","seminar",1
"1833","semr02",1
"1834","senior",1
"1835","sensor",1
"1836","sequestration",1
"1837","sequoia",1
"1838","ser's",1
"1839","seral",1
"1840","sessions",1
"1841","sf",1
"1842","sfs",1
"1843","shanghai",1
"1844","siberian",1
"1845","sirf",1
"1846","sister",1
"1847","sleeping",1
"1848","snails",1
"1849","snow",1
"1850","societies",1
"1851","solutions",1
"1852","sought",1
"1853","southeast",1
"1854","sp",1
"1855","space",1
"1856","speaker",1
"1857","specialist_two",1
"1858","spodoptera",1
"1859","spotted",1
"1860","sprawl",1
"1861","spruce",1
"1862","srwcowg",1
"1863","ss55",1
"1864","ss58",1
"1865","stability",1
"1866","staff",1
"1867","stakeholder",1
"1868","start",1
"1869","started",1
"1870","starting",1
"1871","starts",1
"1872","statin",1
"1873","stats",1
"1874","steering",1
"1875","stevens",1
"1876","storytelling",1
"1877","strategies",1
"1878","streams",1
"1879","stroud",1
"1880","sturgeon",1
"1881","subhash",1
"1882","subtropical",1
"1883","sumatran",1
"1884","superior",1
"1885","supporting",1
"1886","surveyor",1
"1887","survival",1
"1888","survivors",1
"1889","sussex",1
"1890","sustaining",1
"1891","suzuki",1
"1892","symposia",1
"1893","synopsis",1
"1894","tallgrass",1
"1895","tamed",1
"1896","taos",1
"1897","tar",1
"1898","tatoosh",1
"1899","teakettle",1
"1900","technicion",1
"1901","telling",1
"1902","temp",1
"1903","tenured",1
"1904","terrapin",1
"1905","territories",1
"1906","theory",1
"1907","thermal",1
"1908","thermohygrometers",1
"1909","theses",1
"1910","thesis",1
"1911","thompson",1
"1912","tiburon",1
"1913","tick",1
"1914","tidal",1
"1915","tier",1
"1916","tiger",1
"1917","timema",1
"1918","tipping",1
"1919","tips",1
"1920","tissue",1
"1921","toad",1
"1922","toiyabe",1
"1923","toledo",1
"1924","tomorrow",1
"1925","tong",1
"1926","toolik",1
"1927","touching",1
"1928","towson",1
"1929","toxicology",1
"1930","toxins",1
"1931","tracers",1
"1932","trade",1
"1933","traditional",1
"1934","traineeship",1
"1935","trait",1
"1936","trans",1
"1937","transboundary",1
"1938","transformat",1
"1939","transformations",1
"1940","transformative",1
"1941","translational",1
"1942","trees",1
"1943","tribe",1
"1944","trinity",1
"1945","tro",1
"1946","trout",1
"1947","tt",1
"1948","tuesday",1
"1949","twin",1
"1950","tws",1
"1951","uae",1
"1952","uaf",1
"1953","uav",1
"1954","ucsb",1
"1955","ug",1
"1956","uganda",1
"1957","uiuc",1
"1958","umich",1
"1959","umichigan",1
"1960","unc",1
"1961","uncertainty",1
"1962","uncw",1
"1963","understory",1
"1964","underwater",1
"1965","undp",1
"1966","unifying",1
"1967","union",1
"1968","university's",1
"1969","unl",1
"1970","unm",1
"1971","unsw",1
"1972","unusual",1
"1973","uplc",1
"1974","urbana",1
"1975","urbanized",1
"1976","usda",1
"1977","usfws",1
"1978","usu",1
"1979","utilization",1
"1980","uwyo",1
"1981","va",1
"1982","values",1
"1983","vancouver",1
"1984","variation",1
"1985","vassar",1
"1986","vegan",1
"1987","vellend",1
"1988","vermont",1
"1989","version",1
"1990","versus",1
"1991","vertebrate",1
"1992","vgnr01",1
"1993","vi",1
"1994","vicinity",1
"1995","victoria",1
"1996","visits",1
"1997","vital",1
"1998","void",1
"1999","volatiles",1
"2000","vulnerability",1
"2001","webdesigner",1
"2002","webinars",1
"2003","webmaster",1
"2004","webs",1
"2005","website",1
"2006","weed",1
"2007","weevil",1
"2008","wellesley",1
"2009","wenger",1
"2010","western",1
"2011","whale",1
"2012","whiplash",1
"2013","white",1
"2014","wicked",1
"2015","wildfire",1
"2016","wildland",1
"2017","wildlands",1
"2018","wildli",1
"2019","window",1
"2020","winnemucca",1
"2021","woodpecker",1
"2022","woods",1
"2023","world",1
"2024","wrf",1
"2025","wsu",1
"2026","wv",1
"2027","wvu",1
"2028","wwf",1
"2029","xavier",1
"2030","xiamen",1
"2031","yellowstone",1
"2032","yosemite",1
"2033","yrs",1
"2034","zebra",1
"2035","zone",1
"2036","zoology",1
"2037","zooplankton",1
